series_id,date,value
CPIAUCSL,2000-01-01,169.3
CPIAUCSL,2000-02-01,170.0
CPIAUCSL,2000-03-01,171.0
CPIAUCSL,2000-04-01,170.9
CPIAUCSL,2000-05-01,171.2
CPIAUCSL,2000-06-01,172.2
CPIAUCSL,2000-07-01,172.7
CPIAUCSL,2000-08-01,172.7
CPIAUCSL,2000-09-01,173.6
CPIAUCSL,2000-10-01,173.9
CPIAUCSL,2000-11-01,174.2
CPIAUCSL,2000-12-01,174.6
CPIAUCSL,2001-01-01,175.6
CPIAUCSL,2001-02-01,176.0
CPIAUCSL,2001-03-01,176.1
CPIAUCSL,2001-04-01,176.4
CPIAUCSL,2001-05-01,177.3
CPIAUCSL,2001-06-01,177.7
CPIAUCSL,2001-07-01,177.4
CPIAUCSL,2001-08-01,177.4
CPIAUCSL,2001-09-01,178.1
CPIAUCSL,2001-10-01,177.6
CPIAUCSL,2001-11-01,177.5
CPIAUCSL,2001-12-01,177.4
CPIAUCSL,2002-01-01,177.7
CPIAUCSL,2002-02-01,178.0
CPIAUCSL,2002-03-01,178.5
CPIAUCSL,2002-04-01,179.3
CPIAUCSL,2002-05-01,179.5
CPIAUCSL,2002-06-01,179.6
CPIAUCSL,2002-07-01,180.0
CPIAUCSL,2002-08-01,180.5
CPIAUCSL,2002-09-01,180.8
CPIAUCSL,2002-10-01,181.2
CPIAUCSL,2002-11-01,181.5
CPIAUCSL,2002-12-01,181.8
CPIAUCSL,2003-01-01,182.6
CPIAUCSL,2003-02-01,183.6
CPIAUCSL,2003-03-01,183.9
CPIAUCSL,2003-04-01,183.2
CPIAUCSL,2003-05-01,182.9
CPIAUCSL,2003-06-01,183.1
CPIAUCSL,2003-07-01,183.7
CPIAUCSL,2003-08-01,184.5
CPIAUCSL,2003-09-01,185.1
CPIAUCSL,2003-10-01,184.9
CPIAUCSL,2003-11-01,185.0
CPIAUCSL,2003-12-01,185.5
CPIAUCSL,2004-01-01,186.3
CPIAUCSL,2004-02-01,186.7
CPIAUCSL,2004-03-01,187.1
CPIAUCSL,2004-04-01,187.4
CPIAUCSL,2004-05-01,188.2
CPIAUCSL,2004-06-01,188.9
CPIAUCSL,2004-07-01,189.1
CPIAUCSL,2004-08-01,189.2
CPIAUCSL,2004-09-01,189.8
CPIAUCSL,2004-10-01,190.8
CPIAUCSL,2004-11-01,191.7
CPIAUCSL,2004-12-01,191.7
CPIAUCSL,2005-01-01,191.6
CPIAUCSL,2005-02-01,192.4
CPIAUCSL,2005-03-01,193.1
CPIAUCSL,2005-04-01,193.7
CPIAUCSL,2005-05-01,193.6
CPIAUCSL,2005-06-01,193.7
CPIAUCSL,2005-07-01,194.9
CPIAUCSL,2005-08-01,196.1
CPIAUCSL,2005-09-01,198.8
CPIAUCSL,2005-10-01,199.1
CPIAUCSL,2005-11-01,198.1
CPIAUCSL,2005-12-01,198.1
CPIAUCSL,2006-01-01,199.3
CPIAUCSL,2006-02-01,199.4
CPIAUCSL,2006-03-01,199.7
CPIAUCSL,2006-04-01,200.7
CPIAUCSL,2006-05-01,201.3
CPIAUCSL,2006-06-01,201.8
CPIAUCSL,2006-07-01,202.9
CPIAUCSL,2006-08-01,203.8
CPIAUCSL,2006-09-01,202.8
CPIAUCSL,2006-10-01,201.9
CPIAUCSL,2006-11-01,202.0
CPIAUCSL,2006-12-01,203.1
CPIAUCSL,2007-01-01,203.437
CPIAUCSL,2007-02-01,204.226
CPIAUCSL,2007-03-01,205.288
CPIAUCSL,2007-04-01,205.904
CPIAUCSL,2007-05-01,206.755
CPIAUCSL,2007-06-01,207.234
CPIAUCSL,2007-07-01,207.603
CPIAUCSL,2007-08-01,207.667
CPIAUCSL,2007-09-01,208.547
CPIAUCSL,2007-10-01,209.19
CPIAUCSL,2007-11-01,210.834
CPIAUCSL,2007-12-01,211.445
CPIAUCSL,2008-01-01,212.174
CPIAUCSL,2008-02-01,212.687
CPIAUCSL,2008-03-01,213.448
CPIAUCSL,2008-04-01,213.942
CPIAUCSL,2008-05-01,215.208
CPIAUCSL,2008-06-01,217.463
CPIAUCSL,2008-07-01,219.016
CPIAUCSL,2008-08-01,218.69
CPIAUCSL,2008-09-01,218.877
CPIAUCSL,2008-10-01,216.995
CPIAUCSL,2008-11-01,213.153
CPIAUCSL,2008-12-01,211.398
CPIAUCSL,2009-01-01,211.933
CPIAUCSL,2009-02-01,212.705
CPIAUCSL,2009-03-01,212.495
CPIAUCSL,2009-04-01,212.709
CPIAUCSL,2009-05-01,213.022
CPIAUCSL,2009-06-01,214.79
CPIAUCSL,2009-07-01,214.726
CPIAUCSL,2009-08-01,215.445
CPIAUCSL,2009-09-01,215.861
CPIAUCSL,2009-10-01,216.509
CPIAUCSL,2009-11-01,217.234
CPIAUCSL,2009-12-01,217.347
CPIAUCSL,2010-01-01,217.488
CPIAUCSL,2010-02-01,217.281
CPIAUCSL,2010-03-01,217.353
CPIAUCSL,2010-04-01,217.403
CPIAUCSL,2010-05-01,217.29
CPIAUCSL,2010-06-01,217.199
CPIAUCSL,2010-07-01,217.605
CPIAUCSL,2010-08-01,217.923
CPIAUCSL,2010-09-01,218.275
CPIAUCSL,2010-10-01,219.035
CPIAUCSL,2010-11-01,219.59
CPIAUCSL,2010-12-01,220.472
CPIAUCSL,2011-01-01,221.187
CPIAUCSL,2011-02-01,221.898
CPIAUCSL,2011-03-01,223.046
CPIAUCSL,2011-04-01,224.093
CPIAUCSL,2011-05-01,224.806
CPIAUCSL,2011-06-01,224.806
CPIAUCSL,2011-07-01,225.395
CPIAUCSL,2011-08-01,226.106
CPIAUCSL,2011-09-01,226.597
CPIAUCSL,2011-10-01,226.75
CPIAUCSL,2011-11-01,227.169
CPIAUCSL,2011-12-01,227.223
CPIAUCSL,2012-01-01,227.842
CPIAUCSL,2012-02-01,228.329
CPIAUCSL,2012-03-01,228.807
CPIAUCSL,2012-04-01,229.187
CPIAUCSL,2012-05-01,228.713
CPIAUCSL,2012-06-01,228.524
CPIAUCSL,2012-07-01,228.59
CPIAUCSL,2012-08-01,229.918
CPIAUCSL,2012-09-01,231.015
CPIAUCSL,2012-10-01,231.638
CPIAUCSL,2012-11-01,231.249
CPIAUCSL,2012-12-01,231.221
CPIAUCSL,2013-01-01,231.679
CPIAUCSL,2013-02-01,232.937
CPIAUCSL,2013-03-01,232.282
CPIAUCSL,2013-04-01,231.797
CPIAUCSL,2013-05-01,231.893
CPIAUCSL,2013-06-01,232.445
CPIAUCSL,2013-07-01,232.9
CPIAUCSL,2013-08-01,233.456
CPIAUCSL,2013-09-01,233.544
CPIAUCSL,2013-10-01,233.669
CPIAUCSL,2013-11-01,234.1
CPIAUCSL,2013-12-01,234.719
CPIAUCSL,2014-01-01,235.288
CPIAUCSL,2014-02-01,235.547
CPIAUCSL,2014-03-01,236.028
CPIAUCSL,2014-04-01,236.468
CPIAUCSL,2014-05-01,236.918
CPIAUCSL,2014-06-01,237.231
CPIAUCSL,2014-07-01,237.498
CPIAUCSL,2014-08-01,237.46
CPIAUCSL,2014-09-01,237.477
CPIAUCSL,2014-10-01,237.43
CPIAUCSL,2014-11-01,236.983
CPIAUCSL,2014-12-01,236.252
CPIAUCSL,2015-01-01,234.747
CPIAUCSL,2015-02-01,235.342
CPIAUCSL,2015-03-01,235.976
CPIAUCSL,2015-04-01,236.222
CPIAUCSL,2015-05-01,237.001
CPIAUCSL,2015-06-01,237.657
CPIAUCSL,2015-07-01,238.034
CPIAUCSL,2015-08-01,238.033
CPIAUCSL,2015-09-01,237.498
CPIAUCSL,2015-10-01,237.733
CPIAUCSL,2015-11-01,238.017
CPIAUCSL,2015-12-01,237.761
CPIAUCSL,2016-01-01,237.652
CPIAUCSL,2016-02-01,237.336
CPIAUCSL,2016-03-01,238.08
CPIAUCSL,2016-04-01,238.992
CPIAUCSL,2016-05-01,239.557
CPIAUCSL,2016-06-01,240.222
CPIAUCSL,2016-07-01,240.101
CPIAUCSL,2016-08-01,240.545
CPIAUCSL,2016-09-01,241.176
CPIAUCSL,2016-10-01,241.741
CPIAUCSL,2016-11-01,242.026
CPIAUCSL,2016-12-01,242.637
CPIAUCSL,2017-01-01,243.618
CPIAUCSL,2017-02-01,244.006
CPIAUCSL,2017-03-01,243.892
CPIAUCSL,2017-04-01,244.193
CPIAUCSL,2017-05-01,244.004
CPIAUCSL,2017-06-01,244.163
CPIAUCSL,2017-07-01,244.243
CPIAUCSL,2017-08-01,245.183
CPIAUCSL,2017-09-01,246.435
CPIAUCSL,2017-10-01,246.626
CPIAUCSL,2017-11-01,247.284
CPIAUCSL,2017-12-01,247.805
CPIAUCSL,2018-01-01,248.859
CPIAUCSL,2018-02-01,249.529
CPIAUCSL,2018-03-01,249.577
CPIAUCSL,2018-04-01,250.227
CPIAUCSL,2018-05-01,250.792
CPIAUCSL,2018-06-01,251.018
CPIAUCSL,2018-07-01,251.214
CPIAUCSL,2018-08-01,251.663
CPIAUCSL,2018-09-01,252.182
CPIAUCSL,2018-10-01,252.772
CPIAUCSL,2018-11-01,252.594
CPIAUCSL,2018-12-01,252.767
CPIAUCSL,2019-01-01,252.561
CPIAUCSL,2019-02-01,253.319
CPIAUCSL,2019-03-01,254.277
CPIAUCSL,2019-04-01,255.233
CPIAUCSL,2019-05-01,255.296
CPIAUCSL,2019-06-01,255.213
CPIAUCSL,2019-07-01,255.802
CPIAUCSL,2019-08-01,256.036
CPIAUCSL,2019-09-01,256.43
CPIAUCSL,2019-10-01,257.155
CPIAUCSL,2019-11-01,257.879
CPIAUCSL,2019-12-01,258.63
CPIAUCSL,2020-01-01,259.127
CPIAUCSL,2020-02-01,259.25
CPIAUCSL,2020-03-01,258.076
CPIAUCSL,2020-04-01,256.032
CPIAUCSL,2020-05-01,255.802
CPIAUCSL,2020-06-01,257.042
CPIAUCSL,2020-07-01,258.352
CPIAUCSL,2020-08-01,259.316
CPIAUCSL,2020-09-01,259.997
CPIAUCSL,2020-10-01,260.319
CPIAUCSL,2020-11-01,260.911
CPIAUCSL,2020-12-01,262.045
CPIAUCSL,2021-01-01,262.639
CPIAUCSL,2021-02-01,263.573
CPIAUCSL,2021-03-01,264.847
CPIAUCSL,2021-04-01,266.625
CPIAUCSL,2021-05-01,268.404
CPIAUCSL,2021-06-01,270.71
CPIAUCSL,2021-07-01,271.965
CPIAUCSL,2021-08-01,272.752
CPIAUCSL,2021-09-01,273.942
CPIAUCSL,2021-10-01,276.528
CPIAUCSL,2021-11-01,278.824
CPIAUCSL,2021-12-01,280.806
CPIAUCSL,2022-01-01,282.542
CPIAUCSL,2022-02-01,284.525
CPIAUCSL,2022-03-01,287.467
CPIAUCSL,2022-04-01,288.582
CPIAUCSL,2022-05-01,291.299
CPIAUCSL,2022-06-01,295.072
CPIAUCSL,2022-07-01,294.94
CPIAUCSL,2022-08-01,295.162
CPIAUCSL,2022-09-01,296.421
CPIAUCSL,2022-10-01,297.979
CPIAUCSL,2022-11-01,298.708
CPIAUCSL,2022-12-01,298.808
CPIAUCSL,2023-01-01,300.456
CPIAUCSL,2023-02-01,301.476
CPIAUCSL,2023-03-01,301.643
CPIAUCSL,2023-04-01,302.858
CPIAUCSL,2023-05-01,303.316
CPIAUCSL,2023-06-01,304.099
CPIAUCSL,2023-07-01,304.615
CPIAUCSL,2023-08-01,306.138
CPIAUCSL,2023-09-01,307.374
CPIAUCSL,2023-10-01,307.653
CPIAUCSL,2023-11-01,308.087
CPIAUCSL,2023-12-01,308.735
CPIAUCSL,2024-01-01,309.794
CPIAUCSL,2024-02-01,311.022
CPIAUCSL,2024-03-01,312.107
CPIAUCSL,2024-04-01,313.016
CPIAUCSL,2024-05-01,313.14
CPIAUCSL,2024-06-01,313.131
CPIAUCSL,2024-07-01,313.566
CPIAUCSL,2024-08-01,314.131
CPIAUCSL,2024-09-01,314.851
CPIAUCSL,2024-10-01,315.564
CPIAUCSL,2024-11-01,316.449
CPIAUCSL,2024-12-01,317.603
CPIAUCSL,2025-01-01,319.086
CPIAUCSL,2025-02-01,319.775
CPIAUCSL,2025-03-01,319.615
CPIAUCSL,2025-04-01,320.321
CPIAUCSL,2025-05-01,320.58
CPIAUCSL,2025-06-01,321.5
CPIAUCSL,2025-07-01,322.132
CPIAUCSL,2025-08-01,323.364
CPIAUCSL,2025-09-01,324.368
CPIAUCSL,2025-10-01,
CPIAUCSL,2025-11-01,325.031
FEDFUNDS,2000-01-01,5.45
FEDFUNDS,2000-02-01,5.73
FEDFUNDS,2000-03-01,5.85
FEDFUNDS,2000-04-01,6.02
FEDFUNDS,2000-05-01,6.27
FEDFUNDS,2000-06-01,6.53
FEDFUNDS,2000-07-01,6.54
FEDFUNDS,2000-08-01,6.5
FEDFUNDS,2000-09-01,6.52
FEDFUNDS,2000-10-01,6.51
FEDFUNDS,2000-11-01,6.51
FEDFUNDS,2000-12-01,6.4
FEDFUNDS,2001-01-01,5.98
FEDFUNDS,2001-02-01,5.49
FEDFUNDS,2001-03-01,5.31
FEDFUNDS,2001-04-01,4.8
FEDFUNDS,2001-05-01,4.21
FEDFUNDS,2001-06-01,3.97
FEDFUNDS,2001-07-01,3.77
FEDFUNDS,2001-08-01,3.65
FEDFUNDS,2001-09-01,3.07
FEDFUNDS,2001-10-01,2.49
FEDFUNDS,2001-11-01,2.09
FEDFUNDS,2001-12-01,1.82
FEDFUNDS,2002-01-01,1.73
FEDFUNDS,2002-02-01,1.74
FEDFUNDS,2002-03-01,1.73
FEDFUNDS,2002-04-01,1.75
FEDFUNDS,2002-05-01,1.75
FEDFUNDS,2002-06-01,1.75
FEDFUNDS,2002-07-01,1.73
FEDFUNDS,2002-08-01,1.74
FEDFUNDS,2002-09-01,1.75
FEDFUNDS,2002-10-01,1.75
FEDFUNDS,2002-11-01,1.34
FEDFUNDS,2002-12-01,1.24
FEDFUNDS,2003-01-01,1.24
FEDFUNDS,2003-02-01,1.26
FEDFUNDS,2003-03-01,1.25
FEDFUNDS,2003-04-01,1.26
FEDFUNDS,2003-05-01,1.26
FEDFUNDS,2003-06-01,1.22
FEDFUNDS,2003-07-01,1.01
FEDFUNDS,2003-08-01,1.03
FEDFUNDS,2003-09-01,1.01
FEDFUNDS,2003-10-01,1.01
FEDFUNDS,2003-11-01,1.0
FEDFUNDS,2003-12-01,0.98
FEDFUNDS,2004-01-01,1.0
FEDFUNDS,2004-02-01,1.01
FEDFUNDS,2004-03-01,1.0
FEDFUNDS,2004-04-01,1.0
FEDFUNDS,2004-05-01,1.0
FEDFUNDS,2004-06-01,1.03
FEDFUNDS,2004-07-01,1.26
FEDFUNDS,2004-08-01,1.43
FEDFUNDS,2004-09-01,1.61
FEDFUNDS,2004-10-01,1.76
FEDFUNDS,2004-11-01,1.93
FEDFUNDS,2004-12-01,2.16
FEDFUNDS,2005-01-01,2.28
FEDFUNDS,2005-02-01,2.5
FEDFUNDS,2005-03-01,2.63
FEDFUNDS,2005-04-01,2.79
FEDFUNDS,2005-05-01,3.0
FEDFUNDS,2005-06-01,3.04
FEDFUNDS,2005-07-01,3.26
FEDFUNDS,2005-08-01,3.5
FEDFUNDS,2005-09-01,3.62
FEDFUNDS,2005-10-01,3.78
FEDFUNDS,2005-11-01,4.0
FEDFUNDS,2005-12-01,4.16
FEDFUNDS,2006-01-01,4.29
FEDFUNDS,2006-02-01,4.49
FEDFUNDS,2006-03-01,4.59
FEDFUNDS,2006-04-01,4.79
FEDFUNDS,2006-05-01,4.94
FEDFUNDS,2006-06-01,4.99
FEDFUNDS,2006-07-01,5.24
FEDFUNDS,2006-08-01,5.25
FEDFUNDS,2006-09-01,5.25
FEDFUNDS,2006-10-01,5.25
FEDFUNDS,2006-11-01,5.25
FEDFUNDS,2006-12-01,5.24
FEDFUNDS,2007-01-01,5.25
FEDFUNDS,2007-02-01,5.26
FEDFUNDS,2007-03-01,5.26
FEDFUNDS,2007-04-01,5.25
FEDFUNDS,2007-05-01,5.25
FEDFUNDS,2007-06-01,5.25
FEDFUNDS,2007-07-01,5.26
FEDFUNDS,2007-08-01,5.02
FEDFUNDS,2007-09-01,4.94
FEDFUNDS,2007-10-01,4.76
FEDFUNDS,2007-11-01,4.49
FEDFUNDS,2007-12-01,4.24
FEDFUNDS,2008-01-01,3.94
FEDFUNDS,2008-02-01,2.98
FEDFUNDS,2008-03-01,2.61
FEDFUNDS,2008-04-01,2.28
FEDFUNDS,2008-05-01,1.98
FEDFUNDS,2008-06-01,2.0
FEDFUNDS,2008-07-01,2.01
FEDFUNDS,2008-08-01,2.0
FEDFUNDS,2008-09-01,1.81
FEDFUNDS,2008-10-01,0.97
FEDFUNDS,2008-11-01,0.39
FEDFUNDS,2008-12-01,0.16
FEDFUNDS,2009-01-01,0.15
FEDFUNDS,2009-02-01,0.22
FEDFUNDS,2009-03-01,0.18
FEDFUNDS,2009-04-01,0.15
FEDFUNDS,2009-05-01,0.18
FEDFUNDS,2009-06-01,0.21
FEDFUNDS,2009-07-01,0.16
FEDFUNDS,2009-08-01,0.16
FEDFUNDS,2009-09-01,0.15
FEDFUNDS,2009-10-01,0.12
FEDFUNDS,2009-11-01,0.12
FEDFUNDS,2009-12-01,0.12
FEDFUNDS,2010-01-01,0.11
FEDFUNDS,2010-02-01,0.13
FEDFUNDS,2010-03-01,0.16
FEDFUNDS,2010-04-01,0.2
FEDFUNDS,2010-05-01,0.2
FEDFUNDS,2010-06-01,0.18
FEDFUNDS,2010-07-01,0.18
FEDFUNDS,2010-08-01,0.19
FEDFUNDS,2010-09-01,0.19
FEDFUNDS,2010-10-01,0.19
FEDFUNDS,2010-11-01,0.19
FEDFUNDS,2010-12-01,0.18
FEDFUNDS,2011-01-01,0.17
FEDFUNDS,2011-02-01,0.16
FEDFUNDS,2011-03-01,0.14
FEDFUNDS,2011-04-01,0.1
FEDFUNDS,2011-05-01,0.09
FEDFUNDS,2011-06-01,0.09
FEDFUNDS,2011-07-01,0.07
FEDFUNDS,2011-08-01,0.1
FEDFUNDS,2011-09-01,0.08
FEDFUNDS,2011-10-01,0.07
FEDFUNDS,2011-11-01,0.08
FEDFUNDS,2011-12-01,0.07
FEDFUNDS,2012-01-01,0.08
FEDFUNDS,2012-02-01,0.1
FEDFUNDS,2012-03-01,0.13
FEDFUNDS,2012-04-01,0.14
FEDFUNDS,2012-05-01,0.16
FEDFUNDS,2012-06-01,0.16
FEDFUNDS,2012-07-01,0.16
FEDFUNDS,2012-08-01,0.13
FEDFUNDS,2012-09-01,0.14
FEDFUNDS,2012-10-01,0.16
FEDFUNDS,2012-11-01,0.16
FEDFUNDS,2012-12-01,0.16
FEDFUNDS,2013-01-01,0.14
FEDFUNDS,2013-02-01,0.15
FEDFUNDS,2013-03-01,0.14
FEDFUNDS,2013-04-01,0.15
FEDFUNDS,2013-05-01,0.11
FEDFUNDS,2013-06-01,0.09
FEDFUNDS,2013-07-01,0.09
FEDFUNDS,2013-08-01,0.08
FEDFUNDS,2013-09-01,0.08
FEDFUNDS,2013-10-01,0.09
FEDFUNDS,2013-11-01,0.08
FEDFUNDS,2013-12-01,0.09
FEDFUNDS,2014-01-01,0.07
FEDFUNDS,2014-02-01,0.07
FEDFUNDS,2014-03-01,0.08
FEDFUNDS,2014-04-01,0.09
FEDFUNDS,2014-05-01,0.09
FEDFUNDS,2014-06-01,0.1
FEDFUNDS,2014-07-01,0.09
FEDFUNDS,2014-08-01,0.09
FEDFUNDS,2014-09-01,0.09
FEDFUNDS,2014-10-01,0.09
FEDFUNDS,2014-11-01,0.09
FEDFUNDS,2014-12-01,0.12
FEDFUNDS,2015-01-01,0.11
FEDFUNDS,2015-02-01,0.11
FEDFUNDS,2015-03-01,0.11
FEDFUNDS,2015-04-01,0.12
FEDFUNDS,2015-05-01,0.12
FEDFUNDS,2015-06-01,0.13
FEDFUNDS,2015-07-01,0.13
FEDFUNDS,2015-08-01,0.14
FEDFUNDS,2015-09-01,0.14
FEDFUNDS,2015-10-01,0.12
FEDFUNDS,2015-11-01,0.12
FEDFUNDS,2015-12-01,0.24
FEDFUNDS,2016-01-01,0.34
FEDFUNDS,2016-02-01,0.38
FEDFUNDS,2016-03-01,0.36
FEDFUNDS,2016-04-01,0.37
FEDFUNDS,2016-05-01,0.37
FEDFUNDS,2016-06-01,0.38
FEDFUNDS,2016-07-01,0.39
FEDFUNDS,2016-08-01,0.4
FEDFUNDS,2016-09-01,0.4
FEDFUNDS,2016-10-01,0.4
FEDFUNDS,2016-11-01,0.41
FEDFUNDS,2016-12-01,0.54
FEDFUNDS,2017-01-01,0.65
FEDFUNDS,2017-02-01,0.66
FEDFUNDS,2017-03-01,0.79
FEDFUNDS,2017-04-01,0.9
FEDFUNDS,2017-05-01,0.91
FEDFUNDS,2017-06-01,1.04
FEDFUNDS,2017-07-01,1.15
FEDFUNDS,2017-08-01,1.16
FEDFUNDS,2017-09-01,1.15
FEDFUNDS,2017-10-01,1.15
FEDFUNDS,2017-11-01,1.16
FEDFUNDS,2017-12-01,1.3
FEDFUNDS,2018-01-01,1.41
FEDFUNDS,2018-02-01,1.42
FEDFUNDS,2018-03-01,1.51
FEDFUNDS,2018-04-01,1.69
FEDFUNDS,2018-05-01,1.7
FEDFUNDS,2018-06-01,1.82
FEDFUNDS,2018-07-01,1.91
FEDFUNDS,2018-08-01,1.91
FEDFUNDS,2018-09-01,1.95
FEDFUNDS,2018-10-01,2.19
FEDFUNDS,2018-11-01,2.2
FEDFUNDS,2018-12-01,2.27
FEDFUNDS,2019-01-01,2.4
FEDFUNDS,2019-02-01,2.4
FEDFUNDS,2019-03-01,2.41
FEDFUNDS,2019-04-01,2.42
FEDFUNDS,2019-05-01,2.39
FEDFUNDS,2019-06-01,2.38
FEDFUNDS,2019-07-01,2.4
FEDFUNDS,2019-08-01,2.13
FEDFUNDS,2019-09-01,2.04
FEDFUNDS,2019-10-01,1.83
FEDFUNDS,2019-11-01,1.55
FEDFUNDS,2019-12-01,1.55
FEDFUNDS,2020-01-01,1.55
FEDFUNDS,2020-02-01,1.58
FEDFUNDS,2020-03-01,0.65
FEDFUNDS,2020-04-01,0.05
FEDFUNDS,2020-05-01,0.05
FEDFUNDS,2020-06-01,0.08
FEDFUNDS,2020-07-01,0.09
FEDFUNDS,2020-08-01,0.1
FEDFUNDS,2020-09-01,0.09
FEDFUNDS,2020-10-01,0.09
FEDFUNDS,2020-11-01,0.09
FEDFUNDS,2020-12-01,0.09
FEDFUNDS,2021-01-01,0.09
FEDFUNDS,2021-02-01,0.08
FEDFUNDS,2021-03-01,0.07
FEDFUNDS,2021-04-01,0.07
FEDFUNDS,2021-05-01,0.06
FEDFUNDS,2021-06-01,0.08
FEDFUNDS,2021-07-01,0.1
FEDFUNDS,2021-08-01,0.09
FEDFUNDS,2021-09-01,0.08
FEDFUNDS,2021-10-01,0.08
FEDFUNDS,2021-11-01,0.08
FEDFUNDS,2021-12-01,0.08
FEDFUNDS,2022-01-01,0.08
FEDFUNDS,2022-02-01,0.08
FEDFUNDS,2022-03-01,0.2
FEDFUNDS,2022-04-01,0.33
FEDFUNDS,2022-05-01,0.77
FEDFUNDS,2022-06-01,1.21
FEDFUNDS,2022-07-01,1.68
FEDFUNDS,2022-08-01,2.33
FEDFUNDS,2022-09-01,2.56
FEDFUNDS,2022-10-01,3.08
FEDFUNDS,2022-11-01,3.78
FEDFUNDS,2022-12-01,4.1
FEDFUNDS,2023-01-01,4.33
FEDFUNDS,2023-02-01,4.57
FEDFUNDS,2023-03-01,4.65
FEDFUNDS,2023-04-01,4.83
FEDFUNDS,2023-05-01,5.06
FEDFUNDS,2023-06-01,5.08
FEDFUNDS,2023-07-01,5.12
FEDFUNDS,2023-08-01,5.33
FEDFUNDS,2023-09-01,5.33
FEDFUNDS,2023-10-01,5.33
FEDFUNDS,2023-11-01,5.33
FEDFUNDS,2023-12-01,5.33
FEDFUNDS,2024-01-01,5.33
FEDFUNDS,2024-02-01,5.33
FEDFUNDS,2024-03-01,5.33
FEDFUNDS,2024-04-01,5.33
FEDFUNDS,2024-05-01,5.33
FEDFUNDS,2024-06-01,5.33
FEDFUNDS,2024-07-01,5.33
FEDFUNDS,2024-08-01,5.33
FEDFUNDS,2024-09-01,5.13
FEDFUNDS,2024-10-01,4.83
FEDFUNDS,2024-11-01,4.64
FEDFUNDS,2024-12-01,4.48
FEDFUNDS,2025-01-01,4.33
FEDFUNDS,2025-02-01,4.33
FEDFUNDS,2025-03-01,4.33
FEDFUNDS,2025-04-01,4.33
FEDFUNDS,2025-05-01,4.33
FEDFUNDS,2025-06-01,4.33
FEDFUNDS,2025-07-01,4.33
FEDFUNDS,2025-08-01,4.33
FEDFUNDS,2025-09-01,4.22
FEDFUNDS,2025-10-01,4.09
FEDFUNDS,2025-11-01,3.88
FEDFUNDS,2025-12-01,3.72
GDPC1,2000-01-01,13878.147
GDPC1,2000-04-01,14130.908
GDPC1,2000-07-01,14145.312
GDPC1,2000-10-01,14229.765
GDPC1,2001-01-01,14183.12
GDPC1,2001-04-01,14271.694
GDPC1,2001-07-01,14214.516
GDPC1,2001-10-01,14253.574
GDPC1,2002-01-01,14372.785
GDPC1,2002-04-01,14460.848
GDPC1,2002-07-01,14519.633
GDPC1,2002-10-01,14537.58
GDPC1,2003-01-01,14614.141
GDPC1,2003-04-01,14743.567
GDPC1,2003-07-01,14988.782
GDPC1,2003-10-01,15162.76
GDPC1,2004-01-01,15248.68
GDPC1,2004-04-01,15366.85
GDPC1,2004-07-01,15512.619
GDPC1,2004-10-01,15670.88
GDPC1,2005-01-01,15844.727
GDPC1,2005-04-01,15922.782
GDPC1,2005-07-01,16047.587
GDPC1,2005-10-01,16136.734
GDPC1,2006-01-01,16353.835
GDPC1,2006-04-01,16396.151
GDPC1,2006-07-01,16420.738
GDPC1,2006-10-01,16561.866
GDPC1,2007-01-01,16611.69
GDPC1,2007-04-01,16713.314
GDPC1,2007-07-01,16809.587
GDPC1,2007-10-01,16915.191
GDPC1,2008-01-01,16843.003
GDPC1,2008-04-01,16943.291
GDPC1,2008-07-01,16854.295
GDPC1,2008-10-01,16485.35
GDPC1,2009-01-01,16298.262
GDPC1,2009-04-01,16269.145
GDPC1,2009-07-01,16326.281
GDPC1,2009-10-01,16502.754
GDPC1,2010-01-01,16582.71
GDPC1,2010-04-01,16743.162
GDPC1,2010-07-01,16872.266
GDPC1,2010-10-01,16960.864
GDPC1,2011-01-01,16920.632
GDPC1,2011-04-01,17035.114
GDPC1,2011-07-01,17031.313
GDPC1,2011-10-01,17222.583
GDPC1,2012-01-01,17367.01
GDPC1,2012-04-01,17444.525
GDPC1,2012-07-01,17469.65
GDPC1,2012-10-01,17489.852
GDPC1,2013-01-01,17662.4
GDPC1,2013-04-01,17709.671
GDPC1,2013-07-01,17860.45
GDPC1,2013-10-01,18016.147
GDPC1,2014-01-01,17953.974
GDPC1,2014-04-01,18185.911
GDPC1,2014-07-01,18406.941
GDPC1,2014-10-01,18500.031
GDPC1,2015-01-01,18666.621
GDPC1,2015-04-01,18782.243
GDPC1,2015-07-01,18857.418
GDPC1,2015-10-01,18892.206
GDPC1,2016-01-01,19001.69
GDPC1,2016-04-01,19062.709
GDPC1,2016-07-01,19197.938
GDPC1,2016-10-01,19304.352
GDPC1,2017-01-01,19398.343
GDPC1,2017-04-01,19506.949
GDPC1,2017-07-01,19660.766
GDPC1,2017-10-01,19882.352
GDPC1,2018-01-01,20044.077
GDPC1,2018-04-01,20150.476
GDPC1,2018-07-01,20276.154
GDPC1,2018-10-01,20304.874
GDPC1,2019-01-01,20431.641
GDPC1,2019-04-01,20602.275
GDPC1,2019-07-01,20843.322
GDPC1,2019-10-01,20985.448
GDPC1,2020-01-01,20709.212
GDPC1,2020-04-01,19077.992
GDPC1,2020-07-01,20558.879
GDPC1,2020-10-01,20791.917
GDPC1,2021-01-01,21082.134
GDPC1,2021-04-01,21440.929
GDPC1,2021-07-01,21617.828
GDPC1,2021-10-01,21988.737
GDPC1,2022-01-01,21932.71
GDPC1,2022-04-01,21967.045
GDPC1,2022-07-01,22125.625
GDPC1,2022-10-01,22278.345
GDPC1,2023-01-01,22439.607
GDPC1,2023-04-01,22580.499
GDPC1,2023-07-01,22840.989
GDPC1,2023-10-01,23033.78
GDPC1,2024-01-01,23082.119
GDPC1,2024-04-01,23286.508
GDPC1,2024-07-01,23478.57
GDPC1,2024-10-01,23586.542
GDPC1,2025-01-01,23548.21
GDPC1,2025-04-01,23770.976
GDPC1,2025-07-01,24024.957
PCEPI,2000-01-01,72.961
PCEPI,2000-02-01,73.191
PCEPI,2000-03-01,73.505
PCEPI,2000-04-01,73.444
PCEPI,2000-05-01,73.505
PCEPI,2000-06-01,73.754
PCEPI,2000-07-01,73.939
PCEPI,2000-08-01,73.934
PCEPI,2000-09-01,74.252
PCEPI,2000-10-01,74.353
PCEPI,2000-11-01,74.457
PCEPI,2000-12-01,74.571
PCEPI,2001-01-01,74.932
PCEPI,2001-02-01,75.048
PCEPI,2001-03-01,75.055
PCEPI,2001-04-01,75.187
PCEPI,2001-05-01,75.385
PCEPI,2001-06-01,75.518
PCEPI,2001-07-01,75.493
PCEPI,2001-08-01,75.484
PCEPI,2001-09-01,75.227
PCEPI,2001-10-01,75.492
PCEPI,2001-11-01,75.441
PCEPI,2001-12-01,75.363
PCEPI,2002-01-01,75.431
PCEPI,2002-02-01,75.558
PCEPI,2002-03-01,75.763
PCEPI,2002-04-01,76.08
PCEPI,2002-05-01,76.13
PCEPI,2002-06-01,76.225
PCEPI,2002-07-01,76.393
PCEPI,2002-08-01,76.543
PCEPI,2002-09-01,76.681
PCEPI,2002-10-01,76.821
PCEPI,2002-11-01,76.897
PCEPI,2002-12-01,76.971
PCEPI,2003-01-01,77.201
PCEPI,2003-02-01,77.526
PCEPI,2003-03-01,77.725
PCEPI,2003-04-01,77.593
PCEPI,2003-05-01,77.504
PCEPI,2003-06-01,77.588
PCEPI,2003-07-01,77.816
PCEPI,2003-08-01,78.079
PCEPI,2003-09-01,78.323
PCEPI,2003-10-01,78.333
PCEPI,2003-11-01,78.432
PCEPI,2003-12-01,78.605
PCEPI,2004-01-01,78.909
PCEPI,2004-02-01,79.077
PCEPI,2004-03-01,79.199
PCEPI,2004-04-01,79.346
PCEPI,2004-05-01,79.604
PCEPI,2004-06-01,79.831
PCEPI,2004-07-01,79.905
PCEPI,2004-08-01,79.946
PCEPI,2004-09-01,80.104
PCEPI,2004-10-01,80.448
PCEPI,2004-11-01,80.758
PCEPI,2004-12-01,80.801
PCEPI,2005-01-01,80.907
PCEPI,2005-02-01,81.132
PCEPI,2005-03-01,81.375
PCEPI,2005-04-01,81.603
PCEPI,2005-05-01,81.649
PCEPI,2005-06-01,81.7
PCEPI,2005-07-01,82.046
PCEPI,2005-08-01,82.377
PCEPI,2005-09-01,83.172
PCEPI,2005-10-01,83.305
PCEPI,2005-11-01,83.131
PCEPI,2005-12-01,83.131
PCEPI,2006-01-01,83.534
PCEPI,2006-02-01,83.584
PCEPI,2006-03-01,83.746
PCEPI,2006-04-01,84.135
PCEPI,2006-05-01,84.361
PCEPI,2006-06-01,84.569
PCEPI,2006-07-01,84.858
PCEPI,2006-08-01,85.125
PCEPI,2006-09-01,84.902
PCEPI,2006-10-01,84.702
PCEPI,2006-11-01,84.731
PCEPI,2006-12-01,85.032
PCEPI,2007-01-01,85.316
PCEPI,2007-02-01,85.581
PCEPI,2007-03-01,85.894
PCEPI,2007-04-01,86.096
PCEPI,2007-05-01,86.346
PCEPI,2007-06-01,86.529
PCEPI,2007-07-01,86.661
PCEPI,2007-08-01,86.72
PCEPI,2007-09-01,87.054
PCEPI,2007-10-01,87.318
PCEPI,2007-11-01,87.781
PCEPI,2007-12-01,87.984
PCEPI,2008-01-01,88.206
PCEPI,2008-02-01,88.382
PCEPI,2008-03-01,88.635
PCEPI,2008-04-01,88.799
PCEPI,2008-05-01,89.18
PCEPI,2008-06-01,89.827
PCEPI,2008-07-01,90.245
PCEPI,2008-08-01,90.172
PCEPI,2008-09-01,90.247
PCEPI,2008-10-01,89.651
PCEPI,2008-11-01,88.593
PCEPI,2008-12-01,88.098
PCEPI,2009-01-01,88.108
PCEPI,2009-02-01,88.266
PCEPI,2009-03-01,88.169
PCEPI,2009-04-01,88.295
PCEPI,2009-05-01,88.387
PCEPI,2009-06-01,88.912
PCEPI,2009-07-01,88.922
PCEPI,2009-08-01,89.18
PCEPI,2009-09-01,89.324
PCEPI,2009-10-01,89.663
PCEPI,2009-11-01,89.887
PCEPI,2009-12-01,89.939
PCEPI,2010-01-01,90.136
PCEPI,2010-02-01,90.134
PCEPI,2010-03-01,90.261
PCEPI,2010-04-01,90.31
PCEPI,2010-05-01,90.339
PCEPI,2010-06-01,90.301
PCEPI,2010-07-01,90.378
PCEPI,2010-08-01,90.502
PCEPI,2010-09-01,90.592
PCEPI,2010-10-01,90.881
PCEPI,2010-11-01,91.062
PCEPI,2010-12-01,91.268
PCEPI,2011-01-01,91.542
PCEPI,2011-02-01,91.797
PCEPI,2011-03-01,92.166
PCEPI,2011-04-01,92.557
PCEPI,2011-05-01,92.838
PCEPI,2011-06-01,92.819
PCEPI,2011-07-01,92.977
PCEPI,2011-08-01,93.196
PCEPI,2011-09-01,93.327
PCEPI,2011-10-01,93.329
PCEPI,2011-11-01,93.52
PCEPI,2011-12-01,93.574
PCEPI,2012-01-01,93.894
PCEPI,2012-02-01,94.104
PCEPI,2012-03-01,94.284
PCEPI,2012-04-01,94.408
PCEPI,2012-05-01,94.302
PCEPI,2012-06-01,94.254
PCEPI,2012-07-01,94.288
PCEPI,2012-08-01,94.605
PCEPI,2012-09-01,94.893
PCEPI,2012-10-01,95.174
PCEPI,2012-11-01,95.109
PCEPI,2012-12-01,95.094
PCEPI,2013-01-01,95.275
PCEPI,2013-02-01,95.614
PCEPI,2013-03-01,95.488
PCEPI,2013-04-01,95.391
PCEPI,2013-05-01,95.461
PCEPI,2013-06-01,95.673
PCEPI,2013-07-01,95.792
PCEPI,2013-08-01,95.934
PCEPI,2013-09-01,95.976
PCEPI,2013-10-01,96.103
PCEPI,2013-11-01,96.246
PCEPI,2013-12-01,96.414
PCEPI,2014-01-01,96.614
PCEPI,2014-02-01,96.66
PCEPI,2014-03-01,96.815
PCEPI,2014-04-01,96.987
PCEPI,2014-05-01,97.147
PCEPI,2014-06-01,97.253
PCEPI,2014-07-01,97.391
PCEPI,2014-08-01,97.379
PCEPI,2014-09-01,97.413
PCEPI,2014-10-01,97.384
PCEPI,2014-11-01,97.291
PCEPI,2014-12-01,97.12
PCEPI,2015-01-01,96.654
PCEPI,2015-02-01,96.825
PCEPI,2015-03-01,97.008
PCEPI,2015-04-01,97.094
PCEPI,2015-05-01,97.327
PCEPI,2015-06-01,97.516
PCEPI,2015-07-01,97.605
PCEPI,2015-08-01,97.612
PCEPI,2015-09-01,97.477
PCEPI,2015-10-01,97.477
PCEPI,2015-11-01,97.538
PCEPI,2015-12-01,97.456
PCEPI,2016-01-01,97.496
PCEPI,2016-02-01,97.445
PCEPI,2016-03-01,97.673
PCEPI,2016-04-01,97.993
PCEPI,2016-05-01,98.153
PCEPI,2016-06-01,98.325
PCEPI,2016-07-01,98.342
PCEPI,2016-08-01,98.479
PCEPI,2016-09-01,98.666
PCEPI,2016-10-01,98.868
PCEPI,2016-11-01,98.901
PCEPI,2016-12-01,99.071
PCEPI,2017-01-01,99.451
PCEPI,2017-02-01,99.586
PCEPI,2017-03-01,99.535
PCEPI,2017-04-01,99.725
PCEPI,2017-05-01,99.682
PCEPI,2017-06-01,99.766
PCEPI,2017-07-01,99.803
PCEPI,2017-08-01,100.027
PCEPI,2017-09-01,100.4
PCEPI,2017-10-01,100.531
PCEPI,2017-11-01,100.675
PCEPI,2017-12-01,100.821
PCEPI,2018-01-01,101.199
PCEPI,2018-02-01,101.416
PCEPI,2018-03-01,101.524
PCEPI,2018-04-01,101.766
PCEPI,2018-05-01,101.941
PCEPI,2018-06-01,102.029
PCEPI,2018-07-01,102.137
PCEPI,2018-08-01,102.208
PCEPI,2018-09-01,102.418
PCEPI,2018-10-01,102.595
PCEPI,2018-11-01,102.63
PCEPI,2018-12-01,102.701
PCEPI,2019-01-01,102.648
PCEPI,2019-02-01,102.836
PCEPI,2019-03-01,103.069
PCEPI,2019-04-01,103.36
PCEPI,2019-05-01,103.435
PCEPI,2019-06-01,103.484
PCEPI,2019-07-01,103.622
PCEPI,2019-08-01,103.67
PCEPI,2019-09-01,103.733
PCEPI,2019-10-01,103.917
PCEPI,2019-11-01,104.024
PCEPI,2019-12-01,104.307
PCEPI,2020-01-01,104.49
PCEPI,2020-02-01,104.573
PCEPI,2020-03-01,104.271
PCEPI,2020-04-01,103.838
PCEPI,2020-05-01,103.942
PCEPI,2020-06-01,104.27
PCEPI,2020-07-01,104.578
PCEPI,2020-08-01,104.87
PCEPI,2020-09-01,105.057
PCEPI,2020-10-01,105.151
PCEPI,2020-11-01,105.258
PCEPI,2020-12-01,105.699
PCEPI,2021-01-01,106.147
PCEPI,2021-02-01,106.5
PCEPI,2021-03-01,107.054
PCEPI,2021-04-01,107.618
PCEPI,2021-05-01,108.175
PCEPI,2021-06-01,108.76
PCEPI,2021-07-01,109.256
PCEPI,2021-08-01,109.674
PCEPI,2021-09-01,110.034
PCEPI,2021-10-01,110.762
PCEPI,2021-11-01,111.5
PCEPI,2021-12-01,112.191
PCEPI,2022-01-01,112.805
PCEPI,2022-02-01,113.471
PCEPI,2022-03-01,114.469
PCEPI,2022-04-01,114.812
PCEPI,2022-05-01,115.525
PCEPI,2022-06-01,116.638
PCEPI,2022-07-01,116.631
PCEPI,2022-08-01,116.956
PCEPI,2022-09-01,117.371
PCEPI,2022-10-01,117.919
PCEPI,2022-11-01,118.224
PCEPI,2022-12-01,118.384
PCEPI,2023-01-01,119.018
PCEPI,2023-02-01,119.369
PCEPI,2023-03-01,119.538
PCEPI,2023-04-01,119.951
PCEPI,2023-05-01,120.15
PCEPI,2023-06-01,120.469
PCEPI,2023-07-01,120.607
PCEPI,2023-08-01,120.97
PCEPI,2023-09-01,121.419
PCEPI,2023-10-01,121.484
PCEPI,2023-11-01,121.493
PCEPI,2023-12-01,121.66
PCEPI,2024-01-01,122.23
PCEPI,2024-02-01,122.598
PCEPI,2024-03-01,123.038
PCEPI,2024-04-01,123.341
PCEPI,2024-05-01,123.348
PCEPI,2024-06-01,123.539
PCEPI,2024-07-01,123.736
PCEPI,2024-08-01,123.889
PCEPI,2024-09-01,124.164
PCEPI,2024-10-01,124.494
PCEPI,2024-11-01,124.637
PCEPI,2024-12-01,124.979
PCEPI,2025-01-01,125.417
PCEPI,2025-02-01,125.921
PCEPI,2025-03-01,125.941
PCEPI,2025-04-01,126.15
PCEPI,2025-05-01,126.38
PCEPI,2025-06-01,126.743
PCEPI,2025-07-01,126.957
PCEPI,2025-08-01,127.287
PCEPI,2025-09-01,127.626
UNRATE,2000-01-01,4.0
UNRATE,2000-02-01,4.1
UNRATE,2000-03-01,4.0
UNRATE,2000-04-01,3.8
UNRATE,2000-05-01,4.0
UNRATE,2000-06-01,4.0
UNRATE,2000-07-01,4.0
UNRATE,2000-08-01,4.1
UNRATE,2000-09-01,3.9
UNRATE,2000-10-01,3.9
UNRATE,2000-11-01,3.9
UNRATE,2000-12-01,3.9
UNRATE,2001-01-01,4.2
UNRATE,2001-02-01,4.2
UNRATE,2001-03-01,4.3
UNRATE,2001-04-01,4.4
UNRATE,2001-05-01,4.3
UNRATE,2001-06-01,4.5
UNRATE,2001-07-01,4.6
UNRATE,2001-08-01,4.9
UNRATE,2001-09-01,5.0
UNRATE,2001-10-01,5.3
UNRATE,2001-11-01,5.5
UNRATE,2001-12-01,5.7
UNRATE,2002-01-01,5.7
UNRATE,2002-02-01,5.7
UNRATE,2002-03-01,5.7
UNRATE,2002-04-01,5.9
UNRATE,2002-05-01,5.8
UNRATE,2002-06-01,5.8
UNRATE,2002-07-01,5.8
UNRATE,2002-08-01,5.7
UNRATE,2002-09-01,5.7
UNRATE,2002-10-01,5.7
UNRATE,2002-11-01,5.9
UNRATE,2002-12-01,6.0
UNRATE,2003-01-01,5.8
UNRATE,2003-02-01,5.9
UNRATE,2003-03-01,5.9
UNRATE,2003-04-01,6.0
UNRATE,2003-05-01,6.1
UNRATE,2003-06-01,6.3
UNRATE,2003-07-01,6.2
UNRATE,2003-08-01,6.1
UNRATE,2003-09-01,6.1
UNRATE,2003-10-01,6.0
UNRATE,2003-11-01,5.8
UNRATE,2003-12-01,5.7
UNRATE,2004-01-01,5.7
UNRATE,2004-02-01,5.6
UNRATE,2004-03-01,5.8
UNRATE,2004-04-01,5.6
UNRATE,2004-05-01,5.6
UNRATE,2004-06-01,5.6
UNRATE,2004-07-01,5.5
UNRATE,2004-08-01,5.4
UNRATE,2004-09-01,5.4
UNRATE,2004-10-01,5.5
UNRATE,2004-11-01,5.4
UNRATE,2004-12-01,5.4
UNRATE,2005-01-01,5.3
UNRATE,2005-02-01,5.4
UNRATE,2005-03-01,5.2
UNRATE,2005-04-01,5.2
UNRATE,2005-05-01,5.1
UNRATE,2005-06-01,5.0
UNRATE,2005-07-01,5.0
UNRATE,2005-08-01,4.9
UNRATE,2005-09-01,5.0
UNRATE,2005-10-01,5.0
UNRATE,2005-11-01,5.0
UNRATE,2005-12-01,4.9
UNRATE,2006-01-01,4.7
UNRATE,2006-02-01,4.8
UNRATE,2006-03-01,4.7
UNRATE,2006-04-01,4.7
UNRATE,2006-05-01,4.6
UNRATE,2006-06-01,4.6
UNRATE,2006-07-01,4.7
UNRATE,2006-08-01,4.7
UNRATE,2006-09-01,4.5
UNRATE,2006-10-01,4.4
UNRATE,2006-11-01,4.5
UNRATE,2006-12-01,4.4
UNRATE,2007-01-01,4.6
UNRATE,2007-02-01,4.5
UNRATE,2007-03-01,4.4
UNRATE,2007-04-01,4.5
UNRATE,2007-05-01,4.4
UNRATE,2007-06-01,4.6
UNRATE,2007-07-01,4.7
UNRATE,2007-08-01,4.6
UNRATE,2007-09-01,4.7
UNRATE,2007-10-01,4.7
UNRATE,2007-11-01,4.7
UNRATE,2007-12-01,5.0
UNRATE,2008-01-01,5.0
UNRATE,2008-02-01,4.9
UNRATE,2008-03-01,5.1
UNRATE,2008-04-01,5.0
UNRATE,2008-05-01,5.4
UNRATE,2008-06-01,5.6
UNRATE,2008-07-01,5.8
UNRATE,2008-08-01,6.1
UNRATE,2008-09-01,6.1
UNRATE,2008-10-01,6.5
UNRATE,2008-11-01,6.8
UNRATE,2008-12-01,7.3
UNRATE,2009-01-01,7.8
UNRATE,2009-02-01,8.3
UNRATE,2009-03-01,8.7
UNRATE,2009-04-01,9.0
UNRATE,2009-05-01,9.4
UNRATE,2009-06-01,9.5
UNRATE,2009-07-01,9.5
UNRATE,2009-08-01,9.6
UNRATE,2009-09-01,9.8
UNRATE,2009-10-01,10.0
UNRATE,2009-11-01,9.9
UNRATE,2009-12-01,9.9
UNRATE,2010-01-01,9.8
UNRATE,2010-02-01,9.8
UNRATE,2010-03-01,9.9
UNRATE,2010-04-01,9.9
UNRATE,2010-05-01,9.6
UNRATE,2010-06-01,9.4
UNRATE,2010-07-01,9.4
UNRATE,2010-08-01,9.5
UNRATE,2010-09-01,9.5
UNRATE,2010-10-01,9.4
UNRATE,2010-11-01,9.8
UNRATE,2010-12-01,9.3
UNRATE,2011-01-01,9.1
UNRATE,2011-02-01,9.0
UNRATE,2011-03-01,9.0
UNRATE,2011-04-01,9.1
UNRATE,2011-05-01,9.0
UNRATE,2011-06-01,9.1
UNRATE,2011-07-01,9.0
UNRATE,2011-08-01,9.0
UNRATE,2011-09-01,9.0
UNRATE,2011-10-01,8.8
UNRATE,2011-11-01,8.6
UNRATE,2011-12-01,8.5
UNRATE,2012-01-01,8.3
UNRATE,2012-02-01,8.3
UNRATE,2012-03-01,8.2
UNRATE,2012-04-01,8.2
UNRATE,2012-05-01,8.2
UNRATE,2012-06-01,8.2
UNRATE,2012-07-01,8.2
UNRATE,2012-08-01,8.1
UNRATE,2012-09-01,7.8
UNRATE,2012-10-01,7.8
UNRATE,2012-11-01,7.7
UNRATE,2012-12-01,7.9
UNRATE,2013-01-01,8.0
UNRATE,2013-02-01,7.7
UNRATE,2013-03-01,7.5
UNRATE,2013-04-01,7.6
UNRATE,2013-05-01,7.5
UNRATE,2013-06-01,7.5
UNRATE,2013-07-01,7.3
UNRATE,2013-08-01,7.2
UNRATE,2013-09-01,7.2
UNRATE,2013-10-01,7.2
UNRATE,2013-11-01,6.9
UNRATE,2013-12-01,6.7
UNRATE,2014-01-01,6.6
UNRATE,2014-02-01,6.7
UNRATE,2014-03-01,6.7
UNRATE,2014-04-01,6.2
UNRATE,2014-05-01,6.3
UNRATE,2014-06-01,6.1
UNRATE,2014-07-01,6.2
UNRATE,2014-08-01,6.1
UNRATE,2014-09-01,5.9
UNRATE,2014-10-01,5.7
UNRATE,2014-11-01,5.8
UNRATE,2014-12-01,5.6
UNRATE,2015-01-01,5.7
UNRATE,2015-02-01,5.5
UNRATE,2015-03-01,5.4
UNRATE,2015-04-01,5.4
UNRATE,2015-05-01,5.6
UNRATE,2015-06-01,5.3
UNRATE,2015-07-01,5.2
UNRATE,2015-08-01,5.1
UNRATE,2015-09-01,5.0
UNRATE,2015-10-01,5.0
UNRATE,2015-11-01,5.1
UNRATE,2015-12-01,5.0
UNRATE,2016-01-01,4.8
UNRATE,2016-02-01,4.9
UNRATE,2016-03-01,5.0
UNRATE,2016-04-01,5.1
UNRATE,2016-05-01,4.8
UNRATE,2016-06-01,4.9
UNRATE,2016-07-01,4.8
UNRATE,2016-08-01,4.9
UNRATE,2016-09-01,5.0
UNRATE,2016-10-01,4.9
UNRATE,2016-11-01,4.7
UNRATE,2016-12-01,4.7
UNRATE,2017-01-01,4.7
UNRATE,2017-02-01,4.6
UNRATE,2017-03-01,4.4
UNRATE,2017-04-01,4.4
UNRATE,2017-05-01,4.4
UNRATE,2017-06-01,4.3
UNRATE,2017-07-01,4.3
UNRATE,2017-08-01,4.4
UNRATE,2017-09-01,4.3
UNRATE,2017-10-01,4.2
UNRATE,2017-11-01,4.2
UNRATE,2017-12-01,4.1
UNRATE,2018-01-01,4.0
UNRATE,2018-02-01,4.1
UNRATE,2018-03-01,4.0
UNRATE,2018-04-01,4.0
UNRATE,2018-05-01,3.8
UNRATE,2018-06-01,4.0
UNRATE,2018-07-01,3.8
UNRATE,2018-08-01,3.8
UNRATE,2018-09-01,3.7
UNRATE,2018-10-01,3.8
UNRATE,2018-11-01,3.8
UNRATE,2018-12-01,3.9
UNRATE,2019-01-01,4.0
UNRATE,2019-02-01,3.8
UNRATE,2019-03-01,3.8
UNRATE,2019-04-01,3.7
UNRATE,2019-05-01,3.6
UNRATE,2019-06-01,3.6
UNRATE,2019-07-01,3.7
UNRATE,2019-08-01,3.6
UNRATE,2019-09-01,3.5
UNRATE,2019-10-01,3.6
UNRATE,2019-11-01,3.6
UNRATE,2019-12-01,3.6
UNRATE,2020-01-01,3.6
UNRATE,2020-02-01,3.5
UNRATE,2020-03-01,4.4
UNRATE,2020-04-01,14.8
UNRATE,2020-05-01,13.2
UNRATE,2020-06-01,11.0
UNRATE,2020-07-01,10.2
UNRATE,2020-08-01,8.4
UNRATE,2020-09-01,7.8
UNRATE,2020-10-01,6.9
UNRATE,2020-11-01,6.7
UNRATE,2020-12-01,6.7
UNRATE,2021-01-01,6.4
UNRATE,2021-02-01,6.2
UNRATE,2021-03-01,6.1
UNRATE,2021-04-01,6.1
UNRATE,2021-05-01,5.8
UNRATE,2021-06-01,5.9
UNRATE,2021-07-01,5.4
UNRATE,2021-08-01,5.1
UNRATE,2021-09-01,4.7
UNRATE,2021-10-01,4.5
UNRATE,2021-11-01,4.1
UNRATE,2021-12-01,3.9
UNRATE,2022-01-01,4.0
UNRATE,2022-02-01,3.9
UNRATE,2022-03-01,3.7
UNRATE,2022-04-01,3.7
UNRATE,2022-05-01,3.6
UNRATE,2022-06-01,3.6
UNRATE,2022-07-01,3.5
UNRATE,2022-08-01,3.6
UNRATE,2022-09-01,3.5
UNRATE,2022-10-01,3.6
UNRATE,2022-11-01,3.6
UNRATE,2022-12-01,3.5
UNRATE,2023-01-01,3.5
UNRATE,2023-02-01,3.6
UNRATE,2023-03-01,3.5
UNRATE,2023-04-01,3.4
UNRATE,2023-05-01,3.6
UNRATE,2023-06-01,3.6
UNRATE,2023-07-01,3.5
UNRATE,2023-08-01,3.7
UNRATE,2023-09-01,3.7
UNRATE,2023-10-01,3.9
UNRATE,2023-11-01,3.7
UNRATE,2023-12-01,3.8
UNRATE,2024-01-01,3.7
UNRATE,2024-02-01,3.9
UNRATE,2024-03-01,3.9
UNRATE,2024-04-01,3.9
UNRATE,2024-05-01,3.9
UNRATE,2024-06-01,4.1
UNRATE,2024-07-01,4.2
UNRATE,2024-08-01,4.2
UNRATE,2024-09-01,4.1
UNRATE,2024-10-01,4.1
UNRATE,2024-11-01,4.2
UNRATE,2024-12-01,4.1
UNRATE,2025-01-01,4.0
UNRATE,2025-02-01,4.2
UNRATE,2025-03-01,4.2
UNRATE,2025-04-01,4.2
UNRATE,2025-05-01,4.3
UNRATE,2025-06-01,4.1
UNRATE,2025-07-01,4.3
UNRATE,2025-08-01,4.3
UNRATE,2025-09-01,4.4
UNRATE,2025-10-01,
UNRATE,2025-11-01,4.5
UNRATE,2025-12-01,4.4
